,initial metric,train,test,prompt,file,raw
0,0.88,"[0.84, 0.84, 0.84]","[0.88, 0.88, 0.88, 0.86]","['You are an expert in using tools to solve problems. You have access to the following functions: {functions}. Use these functions as needed to solve the problem. Return your answer **in JSON** with a single key `result` whose value is the result of the tool use. This is your task: {input}', 'You are an expert in using tools to solve problems. You have access to the following functions: {functions}. Use these functions as needed to solve the problem. Follow these steps to ensure accuracy:\n\n1. Identify the main entity or subject of the question.\n2. Use the appropriate function to retrieve relevant information about the entity.\n3. If the task involves calculations or transformations, apply the necessary functions to process the data.\n4. Ensure the final output is formatted as specified, typically in JSON with a single key `result`.\n\nReturn your answer **in JSON** with a single key `result` whose value is the result of the tool use. This is your task: {input}\n\nExamples:\n\n1. **Task**: What is the last letter of the first name of the spouse of the director of film The Invisible Menace?\n   - **Steps**:\n     - Use `movie_director_lookup` to find the director of \'The Invisible Menace\'.\n     - Use `relationship_query_extended` to find the spouse of the director.\n     - Use `extract_first_name` to extract the first name of the spouse.\n     - Use `extract_last_character` to find the last letter of the first name.\n   - **Output**: \n     ```json\n     {\n       ""result"": ""n""\n     }\n     ```\n\n2. **Task**: How many syllables are there in the first name of the mother of the person who plays Nim in Return to Nim\'s Island?\n   - **Steps**:\n     - Use `enhanced_movie_cast_lookup` to find the actor who plays Nim.\n     - Use `enhanced_biographical_info_retriever` to find the mother of the actor.\n     - Use `extract_first_name` to extract the first name of the mother.\n     - Use `syllable_counter` to count the syllables in the first name.\n   - **Output**: \n     ```json\n     {\n       ""result"": 2\n     }\n     ```\n\n3. **Task**: What is the closest palindrome number to the year of the date when Charlie McDermott plays Axl Heck on a tv show that premiered in?\n   - **Steps**:\n     - Use `actor_role_lookup` to identify the TV show where Charlie McDermott plays Axl Heck.\n     - Use `tv_series_info` to retrieve the premiere date of the show.\n     - Use `closest_palindrome_finder` to find the closest palindrome year to the premiere year.\n   - **Output**: \n     ```json\n     {\n       ""result"": 2002\n     }\n     ```\n\nBy following these structured steps and examples, you can ensure accurate and consistent results.', 'You are an expert in using tools to solve problems. You have access to the following functions: {functions}. Use these functions as needed to solve the problem. Follow these steps to ensure accuracy:\n\n1. Identify the main entity or subject of the question.\n2. Use the appropriate function to retrieve relevant information about the entity.\n3. If the task involves calculations or transformations, apply the necessary functions to process the data.\n4. Ensure the final output is formatted as specified, typically in JSON with a single key `result`.\n\nReturn your answer **in JSON** with a single key `result` whose value is the result of the tool use. This is your task: {input}\n\nExamples:\n\n1. **Task**: What is the last letter of the first name of the spouse of the director of film The Invisible Menace?\n   - **Steps**:\n     - Use `movie_director_lookup` to find the director of \'The Invisible Menace\'.\n     - Use `relationship_query_extended` to find the spouse of the director.\n     - Use `extract_first_name` to extract the first name of the spouse.\n     - Use `extract_last_character` to find the last letter of the first name.\n   - **Output**: \n     ```json\n     {\n       ""result"": ""n""\n     }\n     ```\n\n2. **Task**: How many syllables are there in the first name of the mother of the person who plays Nim in Return to Nim\'s Island?\n   - **Steps**:\n     - Use `enhanced_movie_cast_lookup` to find the actor who plays Nim.\n     - Use `enhanced_biographical_info_retriever` to find the mother of the actor.\n     - Use `extract_first_name` to extract the first name of the mother.\n     - Use `syllable_counter` to count the syllables in the first name.\n   - **Output**: \n     ```json\n     {\n       ""result"": 2\n     }\n     ```\n\n3. **Task**: What is the closest palindrome number to the year of the date when Charlie McDermott plays Axl Heck on a tv show that premiered in?\n   - **Steps**:\n     - Use `actor_role_lookup` to identify the TV show where Charlie McDermott plays Axl Heck.\n     - Use `tv_series_info` to retrieve the premiere date of the show.\n     - Use `closest_palindrome_finder` to find the closest palindrome year to the premiere year.\n   - **Output**: \n     ```json\n     {\n       ""result"": 2002\n     }\n     ```\n\nBy following these structured steps and examples, you can ensure accurate and consistent results.', 'You are an expert in using tools to solve problems. You have access to the following functions: {functions}. Use these functions as needed to solve the problem. Follow these steps to ensure accuracy:\n\n1. Identify the main entity or subject of the question.\n2. Use the appropriate function to retrieve relevant information about the entity.\n3. If the task involves calculations or transformations, apply the necessary functions to process the data.\n4. Ensure the final output is formatted as specified, typically in JSON with a single key `result`.\n\nReturn your answer **in JSON** with a single key `result` whose value is the result of the tool use. This is your task: {input}\n\nExamples:\n\n1. **Task**: What is the last letter of the first name of the spouse of the director of film The Invisible Menace?\n   - **Steps**:\n     - Use `movie_director_lookup` to find the director of \'The Invisible Menace\'.\n     - Use `relationship_query_extended` to find the spouse of the director.\n     - Use `extract_first_name` to extract the first name of the spouse.\n     - Use `extract_last_character` to find the last letter of the first name.\n   - **Output**: \n     ```json\n     {\n       ""result"": ""n""\n     }\n     ```\n\n2. **Task**: How many syllables are there in the first name of the mother of the person who plays Nim in Return to Nim\'s Island?\n   - **Steps**:\n     - Use `enhanced_movie_cast_lookup` to find the actor who plays Nim.\n     - Use `enhanced_biographical_info_retriever` to find the mother of the actor.\n     - Use `extract_first_name` to extract the first name of the mother.\n     - Use `syllable_counter` to count the syllables in the first name.\n   - **Output**: \n     ```json\n     {\n       ""result"": 2\n     }\n     ```\n\n3. **Task**: What is the closest palindrome number to the year of the date when Charlie McDermott plays Axl Heck on a tv show that premiered in?\n   - **Steps**:\n     - Use `actor_role_lookup` to identify the TV show where Charlie McDermott plays Axl Heck.\n     - Use `tv_series_info` to retrieve the premiere date of the show.\n     - Use `closest_palindrome_finder` to find the closest palindrome year to the premiere year.\n   - **Output**: \n     ```json\n     {\n       ""result"": 2002\n     }\n     ```\n\nBy following these structured steps and examples, you can ensure accurate and consistent results.']",evaluator-tool,"[     index  ...                                             output
904    904  ...                              {\n  ""result"": ""s""\n}
337    337  ...                        {\n  ""result"": ""1101111""\n}
451    451  ...                                {\n  ""result"": 4\n}
700    700  ...                              {\n  ""result"": ""a""\n}
833    833  ...                         {\n  ""result"": ""Monday""\n}
677    677  ...                              {\n  ""result"": ""n""\n}
89      89  ...                                {\n  ""result"": 3\n}
528    528  ...                            {\n  ""result"": [119]\n}
551    551  ...                              {\n  ""result"": ""m""\n}
907    907  ...                                {\n  ""result"": 1\n}
988    988  ...                        {\n  ""result"": ""1100101""\n}
644    644  ...                                {\n  ""result"": 1\n}
282    282  ...                              {\n  ""result"": 101\n}
982    982  ...                                {\n  ""result"": 3\n}
987    987  ...                                {\n  ""result"": 4\n}
142    142  ...                     {\n  ""result"": ""1979-10-20""\n}
188    188  ...                         {\n  ""result"": ""dlorah""\n}
682    682  ...                                {\n  ""result"": 0\n}
864    864  ...                               {\n  ""result"": 11\n}
674    674  ...                              {\n  ""result"": 104\n}
699    699  ...                              {\n  ""result"": ""4""\n}
99      99  ...    {\n  ""result"": {\n    ""day"": ""Saturday""\n  }\n}
503    503  ...                               {\n  ""result"": 12\n}
351    351  ...                                {\n  ""result"": 2\n}
344    344  ...                        {\n  ""result"": ""1100010""\n}
697    697  ...                             {\n  ""result"": 3981\n}
582    582  ...                               {\n  ""result"": 38\n}
232    232  ...                     {\n  ""result"": ""1927-07-17""\n}
221    221  ...                 {\n  ""result"": [\n    1991\n  ]\n}
291    291  ...                              {\n  ""result"": ""o""\n}
702    702  ...                             {\n  ""result"": ""aa""\n}
793    793  ...                                {\n  ""result"": 4\n}
633    633  ...                                {\n  ""result"": 5\n}
599    599  ...                                {\n  ""result"": 4\n}
813    813  ...                          {\n  ""result"": ""38197""\n}
654    654  ...  {\n  ""result"": {\n    ""new_date_time"": ""1888-0...
491    491  ...  {\n  ""result"": {\n    ""closest_palindrome"": 18...
375    375  ...                                {\n  ""result"": 1\n}
413    413  ...                                {\n  ""result"": 5\n}
620    620  ...                          {\n  ""result"": ""Simon""\n}
928    928  ...                                {\n  ""result"": 6\n}
400    400  ...                             {\n  ""result"": 7988\n}
973    973  ...  {\n  ""result"": {\n    ""Mount Laurel Township"":...
913    913  ...                                {\n  ""result"": 2\n}
461    461  ...                                {\n  ""result"": 6\n}
925    925  ...                               {\n  ""result"": 15\n}
660    660  ...                     {\n  ""result"": ""1753-01-20""\n}
504    504  ...                                {\n  ""result"": 3\n}
843    843  ...                                {\n  ""result"": 8\n}
123    123  ...                     {\n  ""result"": ""1869-09-11""\n}

[50 rows x 4 columns],      index  ...                                   output
904    904  ...                    {\n  ""result"": ""s""\n}
337    337  ...              {\n  ""result"": ""1101111""\n}
451    451  ...                      {\n  ""result"": 4\n}
700    700  ...                    {\n  ""result"": ""a""\n}
833    833  ...              {\n  ""result"": ""Tuesday""\n}
677    677  ...                    {\n  ""result"": ""n""\n}
89      89  ...                      {\n  ""result"": 3\n}
528    528  ...                    {\n  ""result"": 119\n}
551    551  ...                    {\n  ""result"": ""m""\n}
907    907  ...                      {\n  ""result"": 1\n}
988    988  ...              {\n  ""result"": ""1100101""\n}
644    644  ...                      {\n  ""result"": 2\n}
282    282  ...                    {\n  ""result"": 101\n}
982    982  ...                      {\n  ""result"": 3\n}
987    987  ...                      {\n  ""result"": 4\n}
142    142  ...           {\n  ""result"": ""1979-10-20""\n}
188    188  ...               {\n  ""result"": ""dlorah""\n}
682    682  ...                      {\n  ""result"": 0\n}
864    864  ...                     {\n  ""result"": 11\n}
674    674  ...                    {\n  ""result"": 104\n}
699    699  ...                    {\n  ""result"": ""5""\n}
99      99  ...             {\n  ""result"": ""Saturday""\n}
503    503  ...                     {\n  ""result"": 12\n}
351    351  ...                      {\n  ""result"": 2\n}
344    344  ...              {\n  ""result"": ""1100010""\n}
697    697  ...                   {\n  ""result"": 3981\n}
582    582  ...                     {\n  ""result"": 38\n}
232    232  ...           {\n  ""result"": ""1927-07-17""\n}
221    221  ...                   {\n  ""result"": 1991\n}
291    291  ...                    {\n  ""result"": ""o""\n}
702    702  ...                   {\n  ""result"": ""aa""\n}
793    793  ...                      {\n  ""result"": 4\n}
633    633  ...                      {\n  ""result"": 5\n}
599    599  ...                      {\n  ""result"": 4\n}
813    813  ...                  {\n  ""result"": 38097\n}
654    654  ...  {\n  ""result"": ""1888-01-17T00:00:00""\n}
491    491  ...                   {\n  ""result"": 1881\n}
375    375  ...                      {\n  ""result"": 1\n}
413    413  ...                      {\n  ""result"": 5\n}
620    620  ...                {\n  ""result"": ""Simon""\n}
928    928  ...                      {\n  ""result"": 6\n}
400    400  ...                   {\n  ""result"": 7988\n}
973    973  ...                      {\n  ""result"": 5\n}
913    913  ...                      {\n  ""result"": 2\n}
461    461  ...                      {\n  ""result"": 6\n}
925    925  ...                     {\n  ""result"": 15\n}
660    660  ...           {\n  ""result"": ""1753-01-20""\n}
504    504  ...                      {\n  ""result"": 3\n}
843    843  ...                      {\n  ""result"": 8\n}
123    123  ...           {\n  ""result"": ""1869-09-11""\n}

[50 rows x 4 columns],      index  ...                                   output
904    904  ...                    {\n  ""result"": ""s""\n}
337    337  ...              {\n  ""result"": ""1101111""\n}
451    451  ...                      {\n  ""result"": 4\n}
700    700  ...                    {\n  ""result"": ""a""\n}
833    833  ...              {\n  ""result"": ""Tuesday""\n}
677    677  ...                    {\n  ""result"": ""n""\n}
89      89  ...                      {\n  ""result"": 3\n}
528    528  ...                    {\n  ""result"": 119\n}
551    551  ...                    {\n  ""result"": ""m""\n}
907    907  ...                      {\n  ""result"": 1\n}
988    988  ...              {\n  ""result"": ""1100101""\n}
644    644  ...                      {\n  ""result"": 2\n}
282    282  ...                    {\n  ""result"": 101\n}
982    982  ...                      {\n  ""result"": 3\n}
987    987  ...                      {\n  ""result"": 4\n}
142    142  ...           {\n  ""result"": ""1979-10-20""\n}
188    188  ...               {\n  ""result"": ""dlorah""\n}
682    682  ...                      {\n  ""result"": 0\n}
864    864  ...                     {\n  ""result"": 11\n}
674    674  ...                    {\n  ""result"": 104\n}
699    699  ...                    {\n  ""result"": ""5""\n}
99      99  ...             {\n  ""result"": ""Saturday""\n}
503    503  ...                     {\n  ""result"": 12\n}
351    351  ...                      {\n  ""result"": 2\n}
344    344  ...              {\n  ""result"": ""1100010""\n}
697    697  ...                   {\n  ""result"": 3981\n}
582    582  ...                     {\n  ""result"": 38\n}
232    232  ...           {\n  ""result"": ""1927-07-17""\n}
221    221  ...                   {\n  ""result"": 1991\n}
291    291  ...                    {\n  ""result"": ""o""\n}
702    702  ...                   {\n  ""result"": ""aa""\n}
793    793  ...                      {\n  ""result"": 4\n}
633    633  ...                      {\n  ""result"": 5\n}
599    599  ...                      {\n  ""result"": 4\n}
813    813  ...                  {\n  ""result"": 38197\n}
654    654  ...  {\n  ""result"": ""1888-01-17T00:00:00""\n}
491    491  ...                   {\n  ""result"": 1881\n}
375    375  ...                      {\n  ""result"": 1\n}
413    413  ...                      {\n  ""result"": 5\n}
620    620  ...                {\n  ""result"": ""Simon""\n}
928    928  ...                      {\n  ""result"": 6\n}
400    400  ...                   {\n  ""result"": 7988\n}
973    973  ...                      {\n  ""result"": 5\n}
913    913  ...                      {\n  ""result"": 2\n}
461    461  ...                      {\n  ""result"": 6\n}
925    925  ...                     {\n  ""result"": 15\n}
660    660  ...           {\n  ""result"": ""1753-01-20""\n}
504    504  ...                      {\n  ""result"": 3\n}
843    843  ...                      {\n  ""result"": 8\n}
123    123  ...           {\n  ""result"": ""1869-09-11""\n}

[50 rows x 4 columns],      index  ...                                   output
904    904  ...                    {\n  ""result"": ""s""\n}
337    337  ...              {\n  ""result"": ""1101111""\n}
451    451  ...                      {\n  ""result"": 4\n}
700    700  ...                    {\n  ""result"": ""a""\n}
833    833  ...              {\n  ""result"": ""Tuesday""\n}
677    677  ...                    {\n  ""result"": ""n""\n}
89      89  ...                      {\n  ""result"": 3\n}
528    528  ...                    {\n  ""result"": 119\n}
551    551  ...                    {\n  ""result"": ""m""\n}
907    907  ...                      {\n  ""result"": 1\n}
988    988  ...              {\n  ""result"": ""1100101""\n}
644    644  ...                      {\n  ""result"": 2\n}
282    282  ...                    {\n  ""result"": 101\n}
982    982  ...                      {\n  ""result"": 3\n}
987    987  ...                      {\n  ""result"": 4\n}
142    142  ...           {\n  ""result"": ""1979-10-20""\n}
188    188  ...               {\n  ""result"": ""dlorah""\n}
682    682  ...                      {\n  ""result"": 0\n}
864    864  ...                     {\n  ""result"": 11\n}
674    674  ...                    {\n  ""result"": 104\n}
699    699  ...                    {\n  ""result"": ""5""\n}
99      99  ...             {\n  ""result"": ""Saturday""\n}
503    503  ...                     {\n  ""result"": 12\n}
351    351  ...                      {\n  ""result"": 2\n}
344    344  ...              {\n  ""result"": ""1100010""\n}
697    697  ...                   {\n  ""result"": 3981\n}
582    582  ...                     {\n  ""result"": 38\n}
232    232  ...           {\n  ""result"": ""1927-07-17""\n}
221    221  ...                   {\n  ""result"": 1991\n}
291    291  ...                    {\n  ""result"": ""o""\n}
702    702  ...                   {\n  ""result"": ""aa""\n}
793    793  ...                      {\n  ""result"": 4\n}
633    633  ...                      {\n  ""result"": 5\n}
599    599  ...                      {\n  ""result"": 4\n}
813    813  ...                  {\n  ""result"": 38197\n}
654    654  ...  {\n  ""result"": ""1888-01-17T00:00:00""\n}
491    491  ...                   {\n  ""result"": 1881\n}
375    375  ...                      {\n  ""result"": 1\n}
413    413  ...                      {\n  ""result"": 5\n}
620    620  ...                {\n  ""result"": ""Simon""\n}
928    928  ...                      {\n  ""result"": 6\n}
400    400  ...                   {\n  ""result"": 7994\n}
973    973  ...                      {\n  ""result"": 5\n}
913    913  ...                      {\n  ""result"": 2\n}
461    461  ...                      {\n  ""result"": 6\n}
925    925  ...                     {\n  ""result"": 15\n}
660    660  ...           {\n  ""result"": ""1753-01-20""\n}
504    504  ...                      {\n  ""result"": 3\n}
843    843  ...                      {\n  ""result"": 8\n}
123    123  ...           {\n  ""result"": ""1869-09-11""\n}

[50 rows x 4 columns]]"
